datetime,symbol,open,high,low,close,volume
2025-08-01 11:00:00,SET:TOURISM,429.08,429.08,421.59,422.16,0.0
2025-08-01 12:00:00,SET:TOURISM,423.19,423.24,420.46,420.46,0.0
2025-08-01 13:00:00,SET:TOURISM,420.39,421.39,420.31,421.39,0.0
2025-08-01 14:00:00,SET:TOURISM,421.34,421.52,417.27,418.9,0.0
2025-08-01 15:00:00,SET:TOURISM,419.32,420.79,413.41,415.04,0.0
2025-08-01 16:00:00,SET:TOURISM,414.86,416.03,409.28,409.28,0.0
2025-08-04 09:00:00,SET:TOURISM,412.51,412.51,410.86,411.72,0.0
2025-08-04 10:00:00,SET:TOURISM,411.54,411.54,405.76,408.13,0.0
2025-08-04 11:00:00,SET:TOURISM,407.09,408.65,406.71,407.5,0.0
2025-08-04 12:00:00,SET:TOURISM,408.53,409.62,407.43,409.4,0.0
2025-08-04 13:00:00,SET:TOURISM,408.82,409.85,408.82,408.82,0.0
2025-08-04 14:00:00,SET:TOURISM,409.85,413.0,408.86,412.03,0.0
2025-08-04 15:00:00,SET:TOURISM,411.0,412.17,409.3,411.81,0.0
2025-08-04 16:00:00,SET:TOURISM,412.23,412.41,408.46,410.84,0.0
2025-08-05 09:00:00,SET:TOURISM,411.06,412.1,411.06,412.1,0.0
2025-08-05 10:00:00,SET:TOURISM,412.28,416.62,410.03,414.79,0.0
2025-08-05 11:00:00,SET:TOURISM,415.82,418.15,414.72,417.36,0.0
2025-08-05 12:00:00,SET:TOURISM,417.97,420.22,416.14,419.43,0.0
2025-08-05 13:00:00,SET:TOURISM,420.1,420.12,419.94,419.94,0.0
2025-08-05 14:00:00,SET:TOURISM,420.03,421.14,415.34,415.34,0.0
2025-08-05 15:00:00,SET:TOURISM,415.95,419.32,415.16,419.25,0.0
2025-08-05 16:00:00,SET:TOURISM,418.21,419.46,415.05,419.46,0.0
2025-08-06 09:00:00,SET:TOURISM,417.5,417.5,416.89,416.89,0.0
2025-08-06 10:00:00,SET:TOURISM,417.74,419.91,415.6,416.43,0.0
2025-08-06 11:00:00,SET:TOURISM,416.36,420.67,416.36,420.13,0.0
2025-08-06 12:00:00,SET:TOURISM,420.31,421.43,420.13,420.4,0.0
2025-08-06 13:00:00,SET:TOURISM,421.43,422.05,421.43,422.05,0.0
2025-08-06 14:00:00,SET:TOURISM,422.1,423.02,418.22,422.12,0.0
2025-08-06 15:00:00,SET:TOURISM,421.95,422.33,417.73,419.82,0.0
2025-08-06 16:00:00,SET:TOURISM,418.79,423.77,418.79,421.01,0.0
2025-08-07 09:00:00,SET:TOURISM,423.08,425.15,423.08,425.15,0.0
2025-08-07 10:00:00,SET:TOURISM,425.37,432.12,423.06,431.79,0.0
2025-08-07 11:00:00,SET:TOURISM,428.59,432.14,424.68,424.68,0.0
2025-08-07 12:00:00,SET:TOURISM,426.33,427.9,423.37,427.9,0.0
2025-08-07 13:00:00,SET:TOURISM,426.25,426.25,426.25,426.25,0.0
2025-08-07 14:00:00,SET:TOURISM,427.28,427.9,422.95,425.67,0.0
2025-08-07 15:00:00,SET:TOURISM,425.05,426.95,422.81,422.81,0.0
2025-08-07 16:00:00,SET:TOURISM,421.95,423.79,421.82,423.02,0.0
2025-08-08 09:00:00,SET:TOURISM,419.94,422.63,419.94,422.63,0.0
2025-08-08 10:00:00,SET:TOURISM,423.66,423.9,419.59,422.25,0.0
2025-08-08 11:00:00,SET:TOURISM,422.18,423.11,420.38,420.95,0.0
2025-08-08 12:00:00,SET:TOURISM,422.16,422.16,419.21,420.13,0.0
2025-08-08 13:00:00,SET:TOURISM,419.56,419.66,419.56,419.66,0.0
2025-08-08 14:00:00,SET:TOURISM,419.72,421.4,417.95,418.18,0.0
2025-08-08 15:00:00,SET:TOURISM,418.24,422.72,418.2,419.77,0.0
2025-08-08 16:00:00,SET:TOURISM,419.95,421.03,417.33,420.86,0.0
2025-08-13 09:00:00,SET:TOURISM,421.85,422.56,421.48,422.56,0.0
2025-08-13 10:00:00,SET:TOURISM,422.38,423.05,419.42,420.46,0.0
2025-08-13 11:00:00,SET:TOURISM,420.43,424.52,419.89,424.41,0.0
2025-08-13 12:00:00,SET:TOURISM,423.37,425.63,422.38,423.0,0.0
2025-08-13 13:00:00,SET:TOURISM,424.38,424.38,423.34,423.41,0.0
2025-08-13 14:00:00,SET:TOURISM,424.45,425.59,421.04,422.76,0.0
2025-08-13 15:00:00,SET:TOURISM,423.38,425.35,423.26,424.04,0.0
2025-08-13 16:00:00,SET:TOURISM,423.43,425.69,422.42,424.65,0.0
2025-08-14 09:00:00,SET:TOURISM,422.77,422.77,421.6,422.09,0.0
2025-08-14 10:00:00,SET:TOURISM,422.1,423.0,418.03,421.76,0.0
2025-08-14 11:00:00,SET:TOURISM,421.66,422.63,418.61,419.67,0.0
2025-08-14 12:00:00,SET:TOURISM,419.84,420.1,417.89,419.31,0.0
2025-08-14 13:00:00,SET:TOURISM,419.29,419.29,419.29,419.29,0.0
2025-08-14 14:00:00,SET:TOURISM,419.47,423.42,419.29,421.85,0.0
2025-08-14 15:00:00,SET:TOURISM,421.23,424.38,420.1,423.43,0.0
2025-08-14 16:00:00,SET:TOURISM,422.39,424.2,421.35,423.45,0.0
2025-08-15 09:00:00,SET:TOURISM,420.8,422.16,420.21,422.16,0.0
2025-08-15 10:00:00,SET:TOURISM,422.29,422.62,418.54,421.15,0.0
2025-08-15 11:00:00,SET:TOURISM,420.97,423.3,420.68,420.68,0.0
2025-08-15 12:00:00,SET:TOURISM,421.04,421.86,419.69,420.62,0.0
2025-08-15 13:00:00,SET:TOURISM,420.18,420.18,420.18,420.18,0.0
2025-08-15 14:00:00,SET:TOURISM,420.1,420.83,418.75,419.94,0.0
2025-08-15 15:00:00,SET:TOURISM,420.97,422.41,419.34,420.28,0.0
2025-08-15 16:00:00,SET:TOURISM,420.41,420.55,417.16,417.62,0.0
2025-08-18 09:00:00,SET:TOURISM,416.88,417.56,416.85,417.56,0.0
2025-08-18 10:00:00,SET:TOURISM,417.5,424.58,417.15,421.89,0.0
2025-08-18 11:00:00,SET:TOURISM,421.27,422.98,420.99,422.31,0.0
2025-08-18 12:00:00,SET:TOURISM,421.1,422.93,421.1,421.28,0.0
2025-08-18 13:00:00,SET:TOURISM,421.36,421.36,419.71,419.71,0.0
2025-08-18 14:00:00,SET:TOURISM,420.32,421.87,417.1,418.76,0.0
2025-08-18 15:00:00,SET:TOURISM,417.72,419.37,416.95,418.7,0.0
2025-08-18 16:00:00,SET:TOURISM,417.67,418.7,416.74,418.17,0.0
2025-08-19 09:00:00,SET:TOURISM,418.85,418.85,417.56,417.56,0.0
2025-08-19 10:00:00,SET:TOURISM,418.24,421.89,417.35,418.82,0.0
2025-08-19 11:00:00,SET:TOURISM,419.85,421.75,418.82,421.39,0.0
2025-08-19 12:00:00,SET:TOURISM,420.36,421.75,419.89,421.62,0.0
2025-08-19 13:00:00,SET:TOURISM,420.32,420.32,420.32,420.32,0.0
2025-08-19 14:00:00,SET:TOURISM,420.5,421.44,418.57,421.28,0.0
2025-08-19 15:00:00,SET:TOURISM,421.1,422.77,419.18,420.41,0.0
2025-08-19 16:00:00,SET:TOURISM,421.45,421.61,417.89,417.89,0.0
2025-08-20 09:00:00,SET:TOURISM,417.17,418.59,416.14,418.59,0.0
2025-08-20 10:00:00,SET:TOURISM,417.37,422.26,416.52,419.41,0.0
2025-08-20 11:00:00,SET:TOURISM,419.37,421.81,419.37,419.55,0.0
2025-08-20 12:00:00,SET:TOURISM,419.72,421.45,419.45,420.79,0.0
2025-08-20 14:00:00,SET:TOURISM,422.44,423.66,420.74,422.45,0.0
2025-08-20 15:00:00,SET:TOURISM,421.97,433.04,421.97,433.04,0.0
2025-08-20 16:00:00,SET:TOURISM,430.45,432.47,426.77,427.33,0.0
2025-08-21 09:00:00,SET:TOURISM,425.43,425.63,424.88,424.89,0.0
2025-08-21 10:00:00,SET:TOURISM,422.82,424.47,420.19,421.14,0.0
2025-08-21 11:00:00,SET:TOURISM,422.17,424.24,420.3,420.79,0.0
2025-08-21 12:00:00,SET:TOURISM,420.61,422.68,420.0,421.21,0.0
2025-08-21 13:00:00,SET:TOURISM,422.68,422.76,422.68,422.76,0.0
2025-08-21 14:00:00,SET:TOURISM,423.79,424.91,422.21,422.4,0.0
2025-08-21 15:00:00,SET:TOURISM,423.02,423.97,420.91,421.08,0.0
2025-08-21 16:00:00,SET:TOURISM,421.7,423.79,420.91,422.2,0.0
2025-08-22 09:00:00,SET:TOURISM,421.76,422.79,421.76,422.79,0.0
2025-08-22 10:00:00,SET:TOURISM,423.48,426.55,422.17,426.29,0.0
2025-08-22 11:00:00,SET:TOURISM,425.25,427.14,423.42,425.25,0.0
2025-08-22 12:00:00,SET:TOURISM,425.07,425.83,424.54,425.48,0.0
2025-08-22 13:00:00,SET:TOURISM,425.87,425.87,424.83,424.88,0.0
2025-08-22 14:00:00,SET:TOURISM,426.53,427.73,425.66,426.12,0.0
2025-08-22 15:00:00,SET:TOURISM,426.18,427.22,424.5,424.5,0.0
2025-08-22 16:00:00,SET:TOURISM,424.55,426.39,424.46,424.8,0.0
2025-08-25 09:00:00,SET:TOURISM,427.79,427.79,427.79,427.79,0.0
2025-08-25 10:00:00,SET:TOURISM,426.76,428.48,425.21,426.5,0.0
2025-08-25 11:00:00,SET:TOURISM,427.11,428.75,426.48,427.65,0.0
2025-08-25 12:00:00,SET:TOURISM,428.69,429.04,427.04,427.27,0.0
2025-08-25 13:00:00,SET:TOURISM,426.96,428.0,426.96,426.96,0.0
2025-08-25 14:00:00,SET:TOURISM,426.78,432.02,426.78,429.5,0.0
2025-08-25 15:00:00,SET:TOURISM,429.68,430.9,427.64,429.29,0.0
2025-08-25 16:00:00,SET:TOURISM,428.26,430.63,427.64,428.74,0.0
2025-08-26 09:00:00,SET:TOURISM,427.66,427.66,425.34,425.34,0.0
2025-08-26 10:00:00,SET:TOURISM,424.31,426.98,423.31,426.54,0.0
2025-08-26 11:00:00,SET:TOURISM,425.5,427.77,424.09,424.71,0.0
2025-08-26 12:00:00,SET:TOURISM,425.74,426.25,424.23,424.55,0.0
2025-08-26 13:00:00,SET:TOURISM,424.46,424.46,424.46,424.46,0.0
2025-08-26 14:00:00,SET:TOURISM,425.5,425.5,422.9,423.01,0.0
2025-08-26 15:00:00,SET:TOURISM,424.05,424.09,420.6,420.63,0.0
2025-08-26 16:00:00,SET:TOURISM,420.02,422.41,419.95,420.12,0.0
2025-08-27 09:00:00,SET:TOURISM,421.87,421.92,420.88,421.76,0.0
2025-08-27 10:00:00,SET:TOURISM,420.9,426.01,420.9,425.13,0.0
2025-08-27 11:00:00,SET:TOURISM,425.3,425.44,422.01,423.59,0.0
2025-08-27 12:00:00,SET:TOURISM,422.56,424.3,422.56,424.3,0.0
2025-08-27 14:00:00,SET:TOURISM,423.67,423.7,420.11,421.87,0.0
2025-08-27 15:00:00,SET:TOURISM,421.02,423.15,419.37,420.58,0.0
2025-08-27 16:00:00,SET:TOURISM,419.55,420.63,418.36,418.59,0.0
2025-08-28 09:00:00,SET:TOURISM,422.34,423.58,422.34,423.58,0.0
2025-08-28 10:00:00,SET:TOURISM,423.43,428.7,423.19,425.6,0.0
2025-08-28 11:00:00,SET:TOURISM,425.75,428.94,424.98,426.08,0.0
2025-08-28 12:00:00,SET:TOURISM,425.92,426.69,424.08,425.89,0.0
2025-08-28 13:00:00,SET:TOURISM,425.55,425.71,425.55,425.55,0.0
2025-08-28 14:00:00,SET:TOURISM,424.94,427.33,423.9,425.31,0.0
2025-08-28 15:00:00,SET:TOURISM,425.4,426.3,423.53,425.31,0.0
2025-08-28 16:00:00,SET:TOURISM,425.15,425.65,423.67,425.44,0.0
2025-08-29 09:00:00,SET:TOURISM,424.04,426.98,424.04,426.82,0.0
2025-08-29 10:00:00,SET:TOURISM,427.03,427.03,417.98,419.68,0.0
2025-08-29 11:00:00,SET:TOURISM,418.64,420.47,415.77,416.18,0.0
2025-08-29 12:00:00,SET:TOURISM,416.8,417.83,415.52,416.78,0.0
2025-08-29 13:00:00,SET:TOURISM,417.26,417.26,416.47,416.47,0.0
2025-08-29 14:00:00,SET:TOURISM,417.52,417.7,413.71,416.26,0.0
2025-08-29 15:00:00,SET:TOURISM,415.23,418.5,411.43,414.32,0.0
2025-08-29 16:00:00,SET:TOURISM,413.29,414.32,411.1,412.26,0.0
2025-09-01 09:00:00,SET:TOURISM,410.97,410.97,408.9,409.93,0.0
2025-09-01 10:00:00,SET:TOURISM,410.0,414.78,409.05,412.35,0.0
2025-09-01 11:00:00,SET:TOURISM,411.31,413.82,411.31,413.53,0.0
2025-09-01 12:00:00,SET:TOURISM,413.49,414.02,412.83,414.02,0.0
2025-09-01 13:00:00,SET:TOURISM,413.67,414.71,413.62,413.62,0.0
2025-09-01 14:00:00,SET:TOURISM,414.66,417.67,413.8,415.68,0.0
2025-09-01 15:00:00,SET:TOURISM,414.65,417.64,414.53,416.78,0.0
2025-09-01 16:00:00,SET:TOURISM,416.72,416.96,415.31,416.82,0.0
2025-09-02 09:00:00,SET:TOURISM,417.9,418.93,417.9,417.94,0.0
2025-09-02 10:00:00,SET:TOURISM,417.33,417.81,413.67,416.51,0.0
2025-09-02 11:00:00,SET:TOURISM,415.48,417.66,415.48,417.63,0.0
2025-09-02 12:00:00,SET:TOURISM,417.58,417.67,416.19,416.61,0.0
2025-09-02 13:00:00,SET:TOURISM,416.66,416.66,416.66,416.66,0.0
2025-09-02 14:00:00,SET:TOURISM,416.56,418.43,415.94,417.74,0.0
2025-09-02 15:00:00,SET:TOURISM,416.94,418.29,415.96,416.07,0.0
2025-09-02 16:00:00,SET:TOURISM,417.1,418.36,415.68,417.25,0.0
2025-09-03 09:00:00,SET:TOURISM,417.38,418.42,417.38,418.3,0.0
2025-09-03 10:00:00,SET:TOURISM,418.12,419.29,415.75,418.97,0.0
2025-09-03 11:00:00,SET:TOURISM,419.15,421.01,418.9,420.33,0.0
2025-09-03 12:00:00,SET:TOURISM,419.21,420.55,419.21,420.5,0.0
2025-09-03 13:00:00,SET:TOURISM,419.46,419.46,419.46,419.46,0.0
2025-09-03 14:00:00,SET:TOURISM,420.5,421.58,417.39,419.17,0.0
2025-09-03 15:00:00,SET:TOURISM,418.13,420.5,417.57,420.5,0.0
2025-09-03 16:00:00,SET:TOURISM,419.46,420.5,418.48,419.41,0.0
2025-09-04 09:00:00,SET:TOURISM,420.63,420.63,417.94,420.63,0.0
2025-09-04 10:00:00,SET:TOURISM,420.78,433.24,420.76,430.09,0.0
2025-09-04 11:00:00,SET:TOURISM,431.13,433.77,428.95,430.54,0.0
2025-09-04 12:00:00,SET:TOURISM,430.38,431.6,429.35,430.64,0.0
2025-09-04 13:00:00,SET:TOURISM,430.44,430.44,429.4,430.28,0.0
2025-09-04 14:00:00,SET:TOURISM,430.13,430.13,428.39,428.71,0.0
2025-09-04 15:00:00,SET:TOURISM,428.89,429.75,425.6,427.68,0.0
2025-09-04 16:00:00,SET:TOURISM,428.29,429.51,427.22,427.22,0.0
2025-09-05 09:00:00,SET:TOURISM,430.29,430.49,429.87,430.49,0.0
2025-09-05 10:00:00,SET:TOURISM,430.67,430.67,425.44,428.29,0.0
2025-09-05 11:00:00,SET:TOURISM,428.28,432.67,427.66,431.13,0.0
2025-09-05 12:00:00,SET:TOURISM,431.08,432.19,430.07,431.15,0.0
2025-09-05 13:00:00,SET:TOURISM,431.1,431.9,430.49,431.31,0.0
2025-09-05 14:00:00,SET:TOURISM,431.29,434.4,431.29,434.07,0.0
2025-09-05 15:00:00,SET:TOURISM,433.45,434.98,430.63,431.46,0.0
2025-09-05 16:00:00,SET:TOURISM,430.84,432.56,429.81,432.56,0.0
2025-09-08 09:00:00,SET:TOURISM,440.1,441.99,439.66,441.99,0.0
2025-09-08 10:00:00,SET:TOURISM,442.17,442.17,433.77,437.41,0.0
2025-09-08 11:00:00,SET:TOURISM,437.49,438.15,435.35,437.33,0.0
2025-09-08 12:00:00,SET:TOURISM,437.95,437.95,436.11,436.11,0.0
2025-09-08 14:00:00,SET:TOURISM,436.27,438.06,433.91,434.35,0.0
2025-09-08 15:00:00,SET:TOURISM,434.53,436.15,433.32,435.02,0.0
2025-09-08 16:00:00,SET:TOURISM,436.05,437.17,434.95,436.29,0.0
2025-09-09 09:00:00,SET:TOURISM,436.6,437.07,435.88,437.05,0.0
2025-09-09 10:00:00,SET:TOURISM,437.09,437.09,431.75,432.79,0.0
2025-09-09 11:00:00,SET:TOURISM,432.18,432.75,428.15,429.32,0.0
2025-09-09 12:00:00,SET:TOURISM,429.5,430.58,428.47,429.79,0.0
2025-09-09 13:00:00,SET:TOURISM,428.69,429.72,428.69,428.69,0.0
2025-09-09 14:00:00,SET:TOURISM,428.53,432.94,428.35,431.77,0.0
2025-09-09 15:00:00,SET:TOURISM,431.33,434.77,431.03,434.77,0.0
2025-09-09 16:00:00,SET:TOURISM,434.15,435.79,433.12,435.79,0.0
2025-09-10 09:00:00,SET:TOURISM,436.07,436.07,432.94,433.12,0.0
2025-09-10 10:00:00,SET:TOURISM,433.75,433.75,428.69,429.27,0.0
2025-09-10 11:00:00,SET:TOURISM,429.45,430.52,427.37,429.34,0.0
2025-09-10 12:00:00,SET:TOURISM,429.15,429.54,427.34,428.47,0.0
2025-09-10 13:00:00,SET:TOURISM,429.7,429.7,429.68,429.68,0.0
2025-09-10 14:00:00,SET:TOURISM,428.62,432.36,428.62,429.09,0.0
2025-09-10 15:00:00,SET:TOURISM,430.15,430.39,428.27,429.7,0.0
2025-09-10 16:00:00,SET:TOURISM,428.69,430.57,428.02,430.57,0.0
2025-09-11 09:00:00,SET:TOURISM,430.8,433.74,430.8,433.61,0.0
2025-09-11 10:00:00,SET:TOURISM,432.54,433.79,429.36,429.36,0.0
2025-09-11 11:00:00,SET:TOURISM,429.52,429.99,427.84,429.54,0.0
2025-09-11 12:00:00,SET:TOURISM,429.36,429.7,427.59,427.73,0.0
2025-09-11 13:00:00,SET:TOURISM,428.79,430.06,428.79,429.43,0.0
2025-09-11 14:00:00,SET:TOURISM,429.4,430.04,427.68,429.41,0.0
2025-09-11 15:00:00,SET:TOURISM,429.57,431.23,428.9,429.98,0.0
2025-09-11 16:00:00,SET:TOURISM,431.04,431.68,429.28,430.82,0.0
2025-09-12 09:00:00,SET:TOURISM,434.13,435.74,433.06,434.92,0.0
2025-09-12 10:00:00,SET:TOURISM,436.62,437.69,433.9,434.89,0.0
2025-09-12 11:00:00,SET:TOURISM,434.73,439.7,434.1,437.35,0.0
2025-09-12 12:00:00,SET:TOURISM,436.29,437.68,435.96,437.52,0.0
2025-09-12 13:00:00,SET:TOURISM,436.03,436.67,435.89,435.89,0.0
2025-09-12 14:00:00,SET:TOURISM,435.26,437.74,434.13,435.66,0.0
2025-09-12 15:00:00,SET:TOURISM,436.28,437.35,434.45,435.95,0.0
2025-09-12 16:00:00,SET:TOURISM,434.88,438.02,434.88,436.57,0.0
2025-09-15 09:00:00,SET:TOURISM,437.64,437.64,436.57,436.57,0.0
2025-09-15 10:00:00,SET:TOURISM,436.41,440.87,434.54,439.76,0.0
2025-09-15 11:00:00,SET:TOURISM,440.89,442.81,438.46,439.41,0.0
2025-09-15 12:00:00,SET:TOURISM,439.22,443.06,439.17,442.22,0.0
2025-09-15 13:00:00,SET:TOURISM,442.86,443.87,442.81,442.81,0.0
2025-09-15 14:00:00,SET:TOURISM,442.97,445.09,442.57,443.25,0.0
2025-09-15 15:00:00,SET:TOURISM,443.09,444.73,442.5,443.24,0.0
2025-09-15 16:00:00,SET:TOURISM,443.15,444.96,442.87,443.99,0.0
2025-09-16 09:00:00,SET:TOURISM,445.38,445.93,444.49,444.89,0.0
2025-09-16 10:00:00,SET:TOURISM,447.02,450.24,444.61,448.81,0.0
2025-09-16 11:00:00,SET:TOURISM,448.65,451.12,447.2,447.2,0.0
2025-09-16 12:00:00,SET:TOURISM,447.85,449.92,447.06,449.07,0.0
2025-09-16 13:00:00,SET:TOURISM,447.9,448.91,447.85,448.91,0.0
2025-09-16 14:00:00,SET:TOURISM,447.85,452.15,447.6,452.15,0.0
2025-09-16 15:00:00,SET:TOURISM,451.51,455.07,450.19,454.01,0.0
2025-09-16 16:00:00,SET:TOURISM,455.07,456.13,453.21,456.13,0.0
2025-09-17 09:00:00,SET:TOURISM,457.18,457.18,454.67,455.57,0.0
2025-09-17 10:00:00,SET:TOURISM,454.94,461.39,454.16,457.13,0.0
2025-09-17 11:00:00,SET:TOURISM,456.95,459.23,456.53,458.32,0.0
2025-09-17 12:00:00,SET:TOURISM,458.48,459.62,455.94,455.94,0.0
2025-09-17 13:00:00,SET:TOURISM,456.26,457.45,455.75,456.38,0.0
2025-09-17 14:00:00,SET:TOURISM,455.77,457.19,452.67,456.13,0.0
2025-09-17 15:00:00,SET:TOURISM,457.37,457.37,454.04,455.59,0.0
2025-09-17 16:00:00,SET:TOURISM,455.41,457.61,454.57,455.88,0.0
2025-09-18 09:00:00,SET:TOURISM,456.56,457.44,456.17,456.17,0.0
2025-09-18 10:00:00,SET:TOURISM,455.54,455.54,445.16,449.86,0.0
2025-09-18 11:00:00,SET:TOURISM,449.7,452.95,449.22,450.68,0.0
2025-09-18 12:00:00,SET:TOURISM,450.5,452.4,448.82,449.71,0.0
2025-09-18 13:00:00,SET:TOURISM,449.72,450.79,449.72,449.91,0.0
2025-09-18 14:00:00,SET:TOURISM,449.27,449.68,445.98,449.68,0.0
2025-09-18 15:00:00,SET:TOURISM,448.61,450.21,444.97,446.03,0.0
2025-09-18 16:00:00,SET:TOURISM,444.97,446.5,444.55,446.34,0.0
2025-09-19 09:00:00,SET:TOURISM,446.54,446.54,445.91,445.91,0.0
2025-09-19 10:00:00,SET:TOURISM,445.89,449.18,443.74,447.67,0.0
2025-09-19 11:00:00,SET:TOURISM,447.85,449.47,445.76,448.86,0.0
2025-09-19 12:00:00,SET:TOURISM,449.92,449.92,447.13,448.31,0.0
2025-09-19 13:00:00,SET:TOURISM,445.69,447.39,445.69,447.39,0.0
2025-09-19 14:00:00,SET:TOURISM,446.33,449.47,445.43,448.84,0.0
2025-09-19 15:00:00,SET:TOURISM,449.47,450.78,447.49,447.99,0.0
2025-09-19 16:00:00,SET:TOURISM,449.06,449.65,444.34,444.34,0.0
2025-09-22 09:00:00,SET:TOURISM,446.0,446.32,445.52,445.55,0.0
2025-09-22 10:00:00,SET:TOURISM,445.48,446.9,443.26,443.55,0.0
2025-09-22 11:00:00,SET:TOURISM,444.61,444.79,440.32,441.58,0.0
2025-09-22 12:00:00,SET:TOURISM,440.51,441.76,439.62,439.67,0.0
2025-09-22 13:00:00,SET:TOURISM,439.34,440.4,439.34,440.4,0.0
2025-09-22 14:00:00,SET:TOURISM,440.33,440.76,437.81,438.99,0.0
2025-09-22 15:00:00,SET:TOURISM,439.04,439.34,437.8,438.11,0.0
2025-09-22 16:00:00,SET:TOURISM,438.06,438.94,434.77,434.77,0.0
2025-09-23 09:00:00,SET:TOURISM,437.04,438.29,436.16,437.22,0.0
2025-09-23 10:00:00,SET:TOURISM,438.29,442.7,436.29,440.45,0.0
2025-09-23 11:00:00,SET:TOURISM,440.61,440.61,437.23,438.73,0.0
2025-09-23 12:00:00,SET:TOURISM,437.66,439.32,437.33,437.87,0.0
2025-09-23 13:00:00,SET:TOURISM,438.3,438.3,438.3,438.3,0.0
2025-09-23 14:00:00,SET:TOURISM,438.23,441.31,436.72,437.12,0.0
2025-09-23 15:00:00,SET:TOURISM,436.49,437.28,432.46,432.46,0.0
2025-09-23 16:00:00,SET:TOURISM,432.53,433.5,430.84,431.83,0.0
2025-09-24 09:00:00,SET:TOURISM,430.83,431.04,430.83,431.04,0.0
2025-09-24 10:00:00,SET:TOURISM,430.9,435.08,428.17,434.34,0.0
2025-09-24 11:00:00,SET:TOURISM,433.63,434.36,430.46,431.25,0.0
2025-09-24 12:00:00,SET:TOURISM,431.73,433.14,430.8,432.07,0.0
2025-09-24 13:00:00,SET:TOURISM,433.71,433.73,433.55,433.73,0.0
2025-09-24 14:00:00,SET:TOURISM,433.8,434.77,432.14,433.61,0.0
2025-09-24 15:00:00,SET:TOURISM,433.77,433.77,431.37,432.69,0.0
2025-09-24 16:00:00,SET:TOURISM,431.63,434.26,431.47,432.03,0.0
2025-09-25 09:00:00,SET:TOURISM,433.67,435.14,433.64,435.14,0.0
2025-09-25 10:00:00,SET:TOURISM,435.33,438.53,433.21,436.49,0.0
2025-09-25 11:00:00,SET:TOURISM,437.56,439.08,436.44,438.69,0.0
2025-09-25 12:00:00,SET:TOURISM,438.88,439.38,436.68,437.74,0.0
2025-09-25 13:00:00,SET:TOURISM,437.85,437.9,437.85,437.9,0.0
2025-09-25 14:00:00,SET:TOURISM,438.08,439.04,435.79,438.11,0.0
2025-09-25 15:00:00,SET:TOURISM,437.68,439.14,436.42,437.55,0.0
2025-09-25 16:00:00,SET:TOURISM,437.71,438.77,437.12,437.79,0.0
2025-09-26 09:00:00,SET:TOURISM,437.18,437.34,436.05,437.12,0.0
2025-09-26 10:00:00,SET:TOURISM,435.98,437.22,434.09,435.58,0.0
2025-09-26 11:00:00,SET:TOURISM,435.56,435.88,432.82,434.04,0.0
2025-09-26 12:00:00,SET:TOURISM,433.97,435.86,433.97,434.96,0.0
2025-09-26 13:00:00,SET:TOURISM,434.77,434.84,434.77,434.77,0.0
2025-09-26 14:00:00,SET:TOURISM,434.96,436.99,434.7,435.67,0.0
2025-09-26 15:00:00,SET:TOURISM,435.49,437.42,435.07,435.86,0.0
2025-09-26 16:00:00,SET:TOURISM,435.67,436.56,433.86,435.64,0.0
2025-09-29 09:00:00,SET:TOURISM,437.61,437.61,434.7,434.7,0.0
2025-09-29 10:00:00,SET:TOURISM,436.0,437.2,431.92,432.61,0.0
2025-09-29 11:00:00,SET:TOURISM,432.77,434.17,431.98,433.11,0.0
2025-09-29 12:00:00,SET:TOURISM,432.95,434.33,432.0,433.53,0.0
2025-09-29 13:00:00,SET:TOURISM,433.32,433.32,432.25,432.25,0.0
2025-09-29 14:00:00,SET:TOURISM,432.43,434.22,432.16,433.52,0.0
2025-09-29 15:00:00,SET:TOURISM,433.33,434.15,429.84,429.84,0.0
2025-09-29 16:00:00,SET:TOURISM,430.9,435.29,429.6,433.88,0.0
2025-09-30 09:00:00,SET:TOURISM,432.84,432.84,431.07,431.07,0.0
2025-09-30 10:00:00,SET:TOURISM,430.73,431.98,425.77,426.66,0.0
2025-09-30 11:00:00,SET:TOURISM,424.77,427.65,423.92,425.05,0.0
2025-09-30 12:00:00,SET:TOURISM,425.19,425.82,422.69,423.33,0.0
2025-09-30 14:00:00,SET:TOURISM,423.16,423.2,419.8,419.96,0.0
2025-09-30 15:00:00,SET:TOURISM,419.8,421.88,419.46,419.93,0.0
2025-09-30 16:00:00,SET:TOURISM,419.3,421.4,418.35,421.4,0.0
2025-10-01 09:00:00,SET:TOURISM,424.33,424.33,422.45,423.69,0.0
2025-10-01 10:00:00,SET:TOURISM,424.33,424.33,419.68,421.41,0.0
2025-10-01 11:00:00,SET:TOURISM,422.52,422.94,420.77,421.17,0.0
2025-10-01 12:00:00,SET:TOURISM,421.16,422.79,421.09,421.5,0.0
2025-10-01 13:00:00,SET:TOURISM,422.51,423.58,422.51,423.58,0.0
2025-10-01 14:00:00,SET:TOURISM,423.42,423.42,420.27,420.27,0.0
2025-10-01 15:00:00,SET:TOURISM,420.91,423.19,419.34,421.18,0.0
2025-10-01 16:00:00,SET:TOURISM,420.54,422.54,418.71,419.68,0.0
2025-10-02 09:00:00,SET:TOURISM,423.17,425.36,423.17,425.36,0.0
2025-10-02 10:00:00,SET:TOURISM,424.34,426.63,423.21,426.58,0.0
2025-10-02 11:00:00,SET:TOURISM,426.53,427.18,425.07,426.08,0.0
2025-10-02 12:00:00,SET:TOURISM,426.14,427.69,424.91,425.94,0.0
2025-10-02 13:00:00,SET:TOURISM,426.58,426.58,426.58,426.58,0.0
2025-10-02 14:00:00,SET:TOURISM,425.51,427.76,424.45,426.11,0.0
2025-10-02 15:00:00,SET:TOURISM,425.48,426.11,421.53,423.0,0.0
2025-10-02 16:00:00,SET:TOURISM,421.94,423.54,421.46,423.54,0.0
2025-10-03 09:00:00,SET:TOURISM,424.09,424.11,423.93,424.11,0.0
2025-10-03 10:00:00,SET:TOURISM,424.06,425.24,421.35,421.7,0.0
2025-10-03 11:00:00,SET:TOURISM,421.63,422.83,419.48,419.66,0.0
2025-10-03 12:00:00,SET:TOURISM,420.73,420.75,418.84,418.84,0.0
2025-10-03 13:00:00,SET:TOURISM,420.7,420.89,420.7,420.87,0.0
2025-10-03 14:00:00,SET:TOURISM,419.8,422.71,419.8,421.01,0.0
2025-10-03 15:00:00,SET:TOURISM,422.08,422.9,420.33,420.86,0.0
2025-10-03 16:00:00,SET:TOURISM,420.9,422.47,420.22,421.05,0.0
2025-10-06 09:00:00,SET:TOURISM,422.14,423.03,422.14,422.21,0.0
2025-10-06 10:00:00,SET:TOURISM,421.1,422.52,419.2,419.2,0.0
2025-10-06 11:00:00,SET:TOURISM,419.38,420.47,418.23,420.1,0.0
2025-10-06 12:00:00,SET:TOURISM,419.03,420.82,419.03,420.82,0.0
2025-10-06 13:00:00,SET:TOURISM,419.31,420.37,419.31,420.19,0.0
2025-10-06 14:00:00,SET:TOURISM,419.12,420.19,417.85,417.9,0.0
2025-10-06 15:00:00,SET:TOURISM,418.96,420.1,417.48,419.67,0.0
2025-10-06 16:00:00,SET:TOURISM,418.6,421.38,418.28,419.78,0.0
2025-10-07 09:00:00,SET:TOURISM,421.26,421.26,420.25,420.25,0.0
2025-10-07 10:00:00,SET:TOURISM,421.95,425.09,421.95,424.39,0.0
2025-10-07 11:00:00,SET:TOURISM,423.32,427.56,423.32,425.43,0.0
2025-10-07 12:00:00,SET:TOURISM,424.21,425.88,424.14,424.18,0.0
2025-10-07 13:00:00,SET:TOURISM,425.88,425.88,425.88,425.88,0.0
2025-10-07 14:00:00,SET:TOURISM,426.04,427.71,425.43,425.91,0.0
2025-10-07 15:00:00,SET:TOURISM,426.98,427.61,424.68,426.59,0.0
2025-10-07 16:00:00,SET:TOURISM,425.52,428.0,425.52,427.61,0.0
2025-10-08 09:00:00,SET:TOURISM,427.46,427.46,426.42,427.02,0.0
2025-10-08 10:00:00,SET:TOURISM,427.65,429.56,425.26,426.96,0.0
2025-10-08 11:00:00,SET:TOURISM,426.16,426.89,424.73,425.99,0.0
2025-10-08 12:00:00,SET:TOURISM,424.86,426.6,424.86,426.03,0.0
2025-10-08 14:00:00,SET:TOURISM,424.71,426.18,424.42,425.4,0.0
2025-10-08 15:00:00,SET:TOURISM,426.46,426.48,423.59,423.59,0.0
2025-10-08 16:00:00,SET:TOURISM,424.66,425.3,422.35,425.3,0.0
2025-10-09 09:00:00,SET:TOURISM,424.88,425.38,424.69,425.37,0.0
2025-10-09 10:00:00,SET:TOURISM,424.74,424.74,421.03,422.64,0.0
2025-10-09 11:00:00,SET:TOURISM,421.59,423.26,420.29,420.3,0.0
2025-10-09 12:00:00,SET:TOURISM,421.36,423.24,420.48,421.29,0.0
2025-10-09 13:00:00,SET:TOURISM,422.99,423.02,422.84,422.97,0.0
2025-10-09 14:00:00,SET:TOURISM,422.34,423.22,421.14,421.5,0.0
2025-10-09 15:00:00,SET:TOURISM,422.13,423.41,421.23,421.74,0.0
2025-10-09 16:00:00,SET:TOURISM,422.79,423.44,421.54,422.5,0.0
2025-10-10 09:00:00,SET:TOURISM,423.37,423.37,422.73,422.73,0.0
2025-10-10 10:00:00,SET:TOURISM,421.67,421.67,416.87,417.55,0.0
2025-10-10 11:00:00,SET:TOURISM,416.92,419.01,416.5,418.01,0.0
2025-10-10 12:00:00,SET:TOURISM,417.38,418.21,416.25,418.03,0.0
2025-10-10 13:00:00,SET:TOURISM,416.73,417.82,416.31,417.37,0.0
2025-10-10 14:00:00,SET:TOURISM,416.94,418.16,415.24,416.17,0.0
2025-10-10 15:00:00,SET:TOURISM,417.23,418.29,414.65,418.1,0.0
2025-10-10 16:00:00,SET:TOURISM,418.28,422.26,418.28,419.87,0.0
2025-10-14 09:00:00,SET:TOURISM,418.83,420.35,418.66,420.07,0.0
2025-10-14 10:00:00,SET:TOURISM,418.38,418.49,413.94,413.94,0.0
2025-10-14 11:00:00,SET:TOURISM,414.1,415.35,410.75,412.65,0.0
2025-10-14 12:00:00,SET:TOURISM,412.02,412.56,410.62,410.75,0.0
2025-10-14 13:00:00,SET:TOURISM,411.15,411.15,410.33,410.96,0.0
2025-10-14 14:00:00,SET:TOURISM,409.9,409.9,404.99,405.61,0.0
2025-10-14 15:00:00,SET:TOURISM,406.68,408.1,405.34,407.19,0.0
2025-10-14 16:00:00,SET:TOURISM,407.82,408.66,405.17,405.17,0.0
2025-10-15 09:00:00,SET:TOURISM,410.26,410.29,410.26,410.29,0.0
2025-10-15 10:00:00,SET:TOURISM,411.51,412.57,409.35,410.87,0.0
2025-10-15 11:00:00,SET:TOURISM,409.81,412.09,408.4,410.78,0.0
2025-10-15 12:00:00,SET:TOURISM,410.94,413.13,410.24,412.32,0.0
2025-10-15 13:00:00,SET:TOURISM,413.28,413.53,411.77,412.47,0.0
2025-10-15 14:00:00,SET:TOURISM,413.1,414.71,410.03,411.73,0.0
2025-10-15 15:00:00,SET:TOURISM,410.66,413.53,410.28,412.65,0.0
2025-10-15 16:00:00,SET:TOURISM,412.57,413.31,410.45,411.03,0.0
2025-10-16 10:00:00,SET:TOURISM,412.71,416.24,412.66,413.54,0.0
2025-10-16 11:00:00,SET:TOURISM,413.38,416.87,413.38,416.08,0.0
2025-10-16 12:00:00,SET:TOURISM,415.01,416.23,414.83,416.08,0.0
2025-10-16 13:00:00,SET:TOURISM,416.2,416.2,416.2,416.2,0.0
2025-10-16 14:00:00,SET:TOURISM,415.14,416.2,414.06,414.51,0.0
2025-10-16 15:00:00,SET:TOURISM,413.88,415.99,413.05,413.64,0.0
2025-10-16 16:00:00,SET:TOURISM,414.52,415.53,413.45,414.05,0.0
2025-10-17 09:00:00,SET:TOURISM,411.32,411.32,410.96,410.96,0.0
2025-10-17 10:00:00,SET:TOURISM,410.97,413.78,410.97,413.21,0.0
2025-10-17 11:00:00,SET:TOURISM,413.22,413.73,409.84,409.84,0.0
2025-10-17 12:00:00,SET:TOURISM,409.83,411.75,409.83,411.24,0.0
2025-10-17 13:00:00,SET:TOURISM,411.18,411.25,411.18,411.25,0.0
2025-10-17 14:00:00,SET:TOURISM,411.18,411.18,407.23,409.11,0.0
2025-10-17 15:00:00,SET:TOURISM,408.05,410.98,407.93,409.91,0.0
2025-10-17 16:00:00,SET:TOURISM,410.98,411.59,409.84,410.08,0.0
2025-10-20 09:00:00,SET:TOURISM,416.17,418.8,416.17,418.8,0.0
2025-10-20 10:00:00,SET:TOURISM,416.64,418.91,414.01,418.1,0.0
2025-10-20 11:00:00,SET:TOURISM,418.73,422.46,418.73,421.89,0.0
2025-10-20 12:00:00,SET:TOURISM,420.83,422.52,420.71,420.94,0.0
2025-10-20 13:00:00,SET:TOURISM,422.16,422.16,422.16,422.16,0.0
2025-10-20 14:00:00,SET:TOURISM,422.79,423.43,420.13,421.31,0.0
2025-10-20 15:00:00,SET:TOURISM,420.25,421.92,419.77,421.0,0.0
2025-10-20 16:00:00,SET:TOURISM,420.81,421.45,419.4,420.49,0.0
2025-10-21 09:00:00,SET:TOURISM,422.41,423.11,422.41,423.11,0.0
2025-10-21 10:00:00,SET:TOURISM,423.3,423.89,419.98,420.97,0.0
2025-10-21 11:00:00,SET:TOURISM,421.13,421.87,419.94,419.94,0.0
2025-10-21 12:00:00,SET:TOURISM,419.88,421.42,419.23,419.82,0.0
2025-10-21 13:00:00,SET:TOURISM,418.61,418.61,418.61,418.61,0.0
2025-10-21 14:00:00,SET:TOURISM,418.68,419.88,417.31,417.94,0.0
2025-10-21 15:00:00,SET:TOURISM,419.0,419.59,417.54,418.78,0.0
2025-10-21 16:00:00,SET:TOURISM,417.72,419.3,417.26,418.12,0.0
2025-10-22 09:00:00,SET:TOURISM,417.87,417.87,416.81,416.81,0.0
2025-10-22 10:00:00,SET:TOURISM,416.63,418.92,415.78,418.73,0.0
2025-10-22 11:00:00,SET:TOURISM,417.62,421.18,417.62,420.45,0.0
2025-10-22 12:00:00,SET:TOURISM,420.26,420.46,418.46,419.53,0.0
2025-10-22 13:00:00,SET:TOURISM,419.8,420.86,419.8,420.86,0.0
2025-10-22 14:00:00,SET:TOURISM,420.81,423.19,417.55,423.03,0.0
2025-10-22 15:00:00,SET:TOURISM,421.79,423.8,420.21,422.16,0.0
2025-10-22 16:00:00,SET:TOURISM,421.09,422.79,420.45,420.45,0.0
2025-10-24 09:00:00,SET:TOURISM,421.3,421.3,421.3,421.3,0.0
2025-10-24 10:00:00,SET:TOURISM,421.41,421.93,417.91,420.96,0.0
2025-10-24 11:00:00,SET:TOURISM,421.01,421.01,418.08,419.53,0.0
2025-10-24 12:00:00,SET:TOURISM,420.6,420.65,418.96,419.41,0.0
2025-10-24 13:00:00,SET:TOURISM,418.72,419.97,418.72,418.72,0.0
2025-10-24 14:00:00,SET:TOURISM,419.78,420.67,418.86,419.15,0.0
2025-10-24 15:00:00,SET:TOURISM,419.31,420.22,417.0,417.18,0.0
2025-10-24 16:00:00,SET:TOURISM,418.24,418.88,416.43,418.25,0.0
2025-10-27 09:00:00,SET:TOURISM,417.13,417.15,416.15,417.05,0.0
2025-10-27 10:00:00,SET:TOURISM,417.15,421.25,417.15,418.36,0.0
2025-10-27 11:00:00,SET:TOURISM,419.0,419.0,414.44,416.41,0.0
2025-10-27 12:00:00,SET:TOURISM,416.42,417.88,415.03,416.18,0.0
2025-10-27 13:00:00,SET:TOURISM,414.81,414.81,413.75,414.81,0.0
2025-10-27 14:00:00,SET:TOURISM,413.98,416.18,411.05,415.8,0.0
2025-10-27 15:00:00,SET:TOURISM,414.74,416.01,412.84,414.57,0.0
2025-10-27 16:00:00,SET:TOURISM,413.51,415.27,409.83,409.83,0.0
2025-10-28 09:00:00,SET:TOURISM,412.49,412.49,411.29,411.29,0.0
2025-10-28 10:00:00,SET:TOURISM,411.92,412.93,407.83,408.43,0.0
2025-10-28 11:00:00,SET:TOURISM,409.49,412.34,409.04,410.83,0.0
2025-10-28 12:00:00,SET:TOURISM,409.77,411.53,409.59,411.35,0.0
2025-10-28 13:00:00,SET:TOURISM,409.58,410.64,409.58,410.64,0.0
2025-10-28 14:00:00,SET:TOURISM,410.82,413.83,409.69,413.73,0.0
2025-10-28 15:00:00,SET:TOURISM,413.1,413.78,411.72,412.79,0.0
2025-10-28 16:00:00,SET:TOURISM,411.73,413.65,411.35,413.65,0.0
2025-10-29 09:00:00,SET:TOURISM,412.53,412.84,411.61,411.8,0.0
2025-10-29 10:00:00,SET:TOURISM,412.72,414.56,410.15,410.33,0.0
2025-10-29 11:00:00,SET:TOURISM,410.26,412.19,409.09,410.85,0.0
2025-10-29 12:00:00,SET:TOURISM,411.48,411.5,409.6,410.66,0.0
2025-10-29 13:00:00,SET:TOURISM,411.29,411.29,410.54,410.77,0.0
2025-10-29 14:00:00,SET:TOURISM,409.71,412.62,409.71,411.49,0.0
2025-10-29 15:00:00,SET:TOURISM,412.55,413.62,410.67,413.42,0.0
2025-10-29 16:00:00,SET:TOURISM,412.36,413.61,410.68,410.68,0.0
2025-10-30 09:00:00,SET:TOURISM,409.04,410.1,409.04,410.1,0.0
2025-10-30 10:00:00,SET:TOURISM,410.17,413.0,409.23,411.31,0.0
2025-10-30 11:00:00,SET:TOURISM,410.68,411.81,408.98,410.56,0.0
2025-10-30 12:00:00,SET:TOURISM,411.62,412.37,410.49,411.31,0.0
2025-10-30 13:00:00,SET:TOURISM,410.52,410.52,410.52,410.52,0.0
2025-10-30 14:00:00,SET:TOURISM,410.68,413.94,409.45,412.49,0.0
2025-10-30 15:00:00,SET:TOURISM,412.55,414.19,412.31,412.33,0.0
2025-10-30 16:00:00,SET:TOURISM,413.39,413.98,410.78,412.11,0.0
2025-10-31 09:00:00,SET:TOURISM,412.32,413.27,412.14,413.08,0.0
2025-10-31 10:00:00,SET:TOURISM,414.14,414.53,411.14,411.14,0.0
2025-10-31 11:00:00,SET:TOURISM,412.2,412.89,409.98,409.98,0.0
2025-10-31 12:00:00,SET:TOURISM,411.04,411.59,409.73,409.89,0.0
2025-10-31 13:00:00,SET:TOURISM,410.52,410.52,410.52,410.52,0.0
2025-10-31 14:00:00,SET:TOURISM,411.59,415.93,410.52,414.48,0.0
2025-10-31 15:00:00,SET:TOURISM,413.84,414.66,412.56,412.87,0.0
2025-10-31 16:00:00,SET:TOURISM,413.94,417.4,412.27,417.4,0.0
2025-11-03 09:00:00,SET:TOURISM,419.26,419.26,417.37,417.55,0.0
2025-11-03 10:00:00,SET:TOURISM,416.92,419.27,415.77,416.12,0.0
2025-11-03 11:00:00,SET:TOURISM,417.18,417.18,413.42,415.23,0.0
2025-11-03 12:00:00,SET:TOURISM,416.3,417.09,414.61,415.86,0.0
2025-11-03 13:00:00,SET:TOURISM,414.23,414.23,414.23,414.23,0.0
2025-11-03 14:00:00,SET:TOURISM,415.29,415.92,413.8,414.09,0.0
2025-11-03 15:00:00,SET:TOURISM,413.03,414.09,411.52,411.52,0.0
2025-11-03 16:00:00,SET:TOURISM,411.51,412.65,409.47,409.89,0.0
2025-11-04 09:00:00,SET:TOURISM,412.06,412.06,412.06,412.06,0.0
2025-11-04 10:00:00,SET:TOURISM,412.24,412.94,407.52,408.28,0.0
2025-11-04 11:00:00,SET:TOURISM,409.34,409.34,404.99,405.15,0.0
2025-11-04 12:00:00,SET:TOURISM,405.78,407.53,405.55,406.42,0.0
2025-11-04 14:00:00,SET:TOURISM,407.34,409.5,405.16,405.87,0.0
2025-11-04 15:00:00,SET:TOURISM,406.99,407.62,405.18,406.25,0.0
2025-11-04 16:00:00,SET:TOURISM,405.0,406.66,404.74,405.96,0.0
2025-11-05 09:00:00,SET:TOURISM,404.4,404.4,404.22,404.22,0.0
2025-11-05 10:00:00,SET:TOURISM,401.89,404.33,401.89,404.18,0.0
2025-11-05 11:00:00,SET:TOURISM,405.24,406.94,404.54,406.15,0.0
2025-11-05 12:00:00,SET:TOURISM,406.08,406.85,405.02,405.04,0.0
2025-11-05 13:00:00,SET:TOURISM,406.52,406.6,406.52,406.6,0.0
2025-11-05 14:00:00,SET:TOURISM,407.23,407.23,404.67,406.08,0.0
2025-11-05 15:00:00,SET:TOURISM,406.15,406.39,404.14,404.8,0.0
2025-11-05 16:00:00,SET:TOURISM,405.86,406.02,404.03,404.23,0.0
2025-11-06 09:00:00,SET:TOURISM,404.47,406.16,400.81,401.08,0.0
2025-11-06 10:00:00,SET:TOURISM,400.02,400.95,391.06,400.95,0.0
2025-11-06 11:00:00,SET:TOURISM,399.88,403.65,397.76,401.83,0.0
2025-11-06 12:00:00,SET:TOURISM,400.77,401.84,398.39,401.8,0.0
2025-11-06 13:00:00,SET:TOURISM,401.17,402.28,401.17,402.28,0.0
2025-11-06 14:00:00,SET:TOURISM,402.27,405.27,401.21,404.22,0.0
2025-11-06 15:00:00,SET:TOURISM,403.77,407.9,402.71,407.2,0.0
2025-11-06 16:00:00,SET:TOURISM,406.57,407.88,404.77,405.2,0.0
2025-11-07 09:00:00,SET:TOURISM,403.62,404.5,402.37,404.5,0.0
2025-11-07 10:00:00,SET:TOURISM,406.62,409.03,403.57,407.39,0.0
2025-11-07 11:00:00,SET:TOURISM,407.45,413.28,406.57,412.22,0.0
2025-11-07 12:00:00,SET:TOURISM,412.21,413.26,411.37,412.19,0.0
2025-11-07 13:00:00,SET:TOURISM,413.26,413.96,412.2,413.96,0.0
2025-11-07 14:00:00,SET:TOURISM,412.9,414.4,409.85,410.66,0.0
2025-11-07 15:00:00,SET:TOURISM,410.91,412.02,409.66,409.91,0.0
2025-11-07 16:00:00,SET:TOURISM,410.97,411.25,408.02,408.02,0.0
2025-11-10 09:00:00,SET:TOURISM,408.42,408.54,408.42,408.53,0.0
2025-11-10 10:00:00,SET:TOURISM,409.27,410.77,406.23,408.67,0.0
2025-11-10 11:00:00,SET:TOURISM,408.85,408.92,404.44,406.75,0.0
2025-11-10 12:00:00,SET:TOURISM,406.82,406.86,404.91,406.86,0.0
2025-11-10 13:00:00,SET:TOURISM,405.61,406.68,405.61,406.68,0.0
2025-11-10 14:00:00,SET:TOURISM,406.86,409.1,405.02,406.39,0.0
2025-11-10 15:00:00,SET:TOURISM,407.46,408.09,405.53,406.53,0.0
2025-11-10 16:00:00,SET:TOURISM,406.54,407.02,404.08,406.03,0.0
2025-11-11 09:00:00,SET:TOURISM,407.74,410.12,407.74,410.12,0.0
2025-11-11 10:00:00,SET:TOURISM,410.11,410.11,403.95,405.64,0.0
2025-11-11 11:00:00,SET:TOURISM,405.62,405.62,400.83,400.83,0.0
2025-11-11 12:00:00,SET:TOURISM,400.2,401.89,399.0,399.62,0.0
2025-11-11 13:00:00,SET:TOURISM,400.64,401.7,400.64,400.64,0.0
2025-11-11 14:00:00,SET:TOURISM,401.7,402.25,399.89,400.01,0.0
2025-11-11 15:00:00,SET:TOURISM,400.06,401.76,399.66,399.78,0.0
2025-11-11 16:00:00,SET:TOURISM,400.84,402.22,399.71,400.04,0.0
2025-11-12 09:00:00,SET:TOURISM,400.64,400.64,398.96,398.96,0.0
2025-11-12 10:00:00,SET:TOURISM,400.07,401.77,395.06,398.84,0.0
2025-11-12 11:00:00,SET:TOURISM,398.85,399.0,397.04,397.69,0.0
2025-11-12 12:00:00,SET:TOURISM,398.75,398.94,397.69,397.76,0.0
2025-11-12 13:00:00,SET:TOURISM,397.69,397.69,397.69,397.69,0.0
2025-11-12 14:00:00,SET:TOURISM,398.76,399.34,396.17,396.19,0.0
2025-11-12 15:00:00,SET:TOURISM,397.25,399.08,395.71,396.04,0.0
2025-11-12 16:00:00,SET:TOURISM,397.11,397.94,394.18,397.8,0.0
2025-11-13 09:00:00,SET:TOURISM,396.98,399.1,396.98,399.1,0.0
2025-11-13 10:00:00,SET:TOURISM,398.12,398.22,391.58,391.58,0.0
2025-11-13 11:00:00,SET:TOURISM,392.64,394.95,391.27,394.29,0.0
2025-11-13 12:00:00,SET:TOURISM,393.23,394.82,392.7,392.88,0.0
2025-11-13 13:00:00,SET:TOURISM,397.14,398.25,397.14,398.25,0.0
2025-11-13 14:00:00,SET:TOURISM,398.88,398.93,394.35,396.22,0.0
2025-11-13 15:00:00,SET:TOURISM,395.16,396.22,392.42,393.67,0.0
2025-11-13 16:00:00,SET:TOURISM,393.49,396.43,393.43,396.05,0.0
2025-11-14 09:00:00,SET:TOURISM,393.22,393.22,390.04,392.5,0.0
2025-11-14 10:00:00,SET:TOURISM,391.44,392.4,387.44,388.53,0.0
2025-11-14 11:00:00,SET:TOURISM,389.59,389.59,384.55,386.46,0.0
2025-11-14 12:00:00,SET:TOURISM,385.4,386.39,384.32,385.0,0.0
2025-11-14 13:00:00,SET:TOURISM,385.18,386.24,385.18,386.24,0.0
2025-11-14 14:00:00,SET:TOURISM,386.06,387.34,384.48,385.64,0.0
2025-11-14 15:00:00,SET:TOURISM,385.65,386.43,382.78,384.21,0.0
2025-11-14 16:00:00,SET:TOURISM,384.29,385.36,383.27,384.97,0.0
2025-11-17 09:00:00,SET:TOURISM,392.64,392.64,389.54,389.54,0.0
2025-11-17 10:00:00,SET:TOURISM,390.22,391.02,385.57,387.31,0.0
2025-11-17 11:00:00,SET:TOURISM,387.37,388.47,385.6,388.47,0.0
2025-11-17 12:00:00,SET:TOURISM,388.48,389.54,386.69,387.78,0.0
2025-11-17 13:00:00,SET:TOURISM,388.41,388.41,388.39,388.39,0.0
2025-11-17 14:00:00,SET:TOURISM,387.75,389.32,385.37,389.32,0.0
2025-11-17 15:00:00,SET:TOURISM,389.14,394.55,387.45,392.63,0.0
2025-11-17 16:00:00,SET:TOURISM,393.07,393.71,391.32,392.0,0.0
2025-11-18 09:00:00,SET:TOURISM,390.71,390.71,389.41,389.41,0.0
2025-11-18 10:00:00,SET:TOURISM,389.6,391.79,388.52,391.65,0.0
2025-11-18 11:00:00,SET:TOURISM,391.01,391.01,388.53,389.74,0.0
2025-11-18 12:00:00,SET:TOURISM,389.73,389.74,387.72,387.91,0.0
2025-11-18 13:00:00,SET:TOURISM,388.62,389.43,388.62,389.25,0.0
2025-11-18 14:00:00,SET:TOURISM,388.37,389.45,385.91,387.28,0.0
2025-11-18 15:00:00,SET:TOURISM,388.34,388.74,385.58,387.27,0.0
2025-11-18 16:00:00,SET:TOURISM,386.64,387.35,385.32,385.48,0.0
2025-11-19 09:00:00,SET:TOURISM,385.54,386.47,385.54,386.47,0.0
2025-11-19 10:00:00,SET:TOURISM,387.1,388.38,384.87,386.75,0.0
2025-11-19 11:00:00,SET:TOURISM,386.72,386.99,383.06,384.11,0.0
2025-11-19 12:00:00,SET:TOURISM,383.05,384.89,382.94,383.71,0.0
2025-11-19 13:00:00,SET:TOURISM,384.55,384.56,384.55,384.56,0.0
2025-11-19 14:00:00,SET:TOURISM,384.55,384.76,381.79,384.15,0.0
2025-11-19 15:00:00,SET:TOURISM,384.16,384.76,382.05,383.71,0.0
2025-11-19 16:00:00,SET:TOURISM,382.65,383.98,382.11,383.79,0.0
2025-11-20 09:00:00,SET:TOURISM,387.54,388.43,385.85,386.73,0.0
2025-11-20 10:00:00,SET:TOURISM,387.44,389.54,384.94,387.92,0.0
2025-11-20 11:00:00,SET:TOURISM,386.86,389.93,386.82,388.51,0.0
2025-11-20 12:00:00,SET:TOURISM,387.88,389.83,387.88,389.83,0.0
2025-11-20 13:00:00,SET:TOURISM,388.21,388.21,388.21,388.21,0.0
2025-11-20 14:00:00,SET:TOURISM,387.15,388.84,383.65,385.9,0.0
2025-11-20 15:00:00,SET:TOURISM,386.53,387.34,384.76,386.72,0.0
2025-11-20 16:00:00,SET:TOURISM,387.35,387.35,384.5,385.09,0.0
2025-11-21 09:00:00,SET:TOURISM,383.59,384.65,383.59,384.65,0.0
2025-11-21 10:00:00,SET:TOURISM,384.66,387.95,381.69,382.3,0.0
2025-11-21 11:00:00,SET:TOURISM,383.18,383.8,379.77,380.99,0.0
2025-11-21 12:00:00,SET:TOURISM,379.92,381.38,379.92,381.21,0.0
2025-11-21 13:00:00,SET:TOURISM,381.1,381.1,381.1,381.1,0.0
2025-11-21 14:00:00,SET:TOURISM,379.41,381.07,377.82,380.58,0.0
2025-11-21 15:00:00,SET:TOURISM,378.89,381.25,378.4,379.11,0.0
2025-11-21 16:00:00,SET:TOURISM,380.17,382.58,378.91,379.18,0.0
2025-11-24 09:00:00,SET:TOURISM,383.8,385.76,383.8,384.7,0.0
2025-11-24 10:00:00,SET:TOURISM,384.71,386.59,383.12,386.03,0.0
2025-11-24 11:00:00,SET:TOURISM,386.66,387.65,382.24,382.24,0.0
2025-11-24 12:00:00,SET:TOURISM,381.6,384.2,381.44,384.2,0.0
2025-11-24 13:00:00,SET:TOURISM,384.32,384.32,384.25,384.25,0.0
2025-11-24 14:00:00,SET:TOURISM,384.43,388.96,384.43,388.35,0.0
2025-11-24 15:00:00,SET:TOURISM,387.28,389.27,385.69,387.39,0.0
2025-11-24 16:00:00,SET:TOURISM,388.45,391.32,385.77,391.32,0.0
2025-11-25 09:00:00,SET:TOURISM,392.42,392.42,389.0,389.0,0.0
2025-11-25 10:00:00,SET:TOURISM,387.93,394.16,387.93,391.2,0.0
2025-11-25 11:00:00,SET:TOURISM,391.15,394.83,391.15,393.36,0.0
2025-11-25 12:00:00,SET:TOURISM,394.42,395.06,392.29,394.92,0.0
2025-11-25 13:00:00,SET:TOURISM,394.19,394.25,393.13,393.2,0.0
2025-11-25 14:00:00,SET:TOURISM,394.27,394.27,390.3,391.66,0.0
2025-11-25 15:00:00,SET:TOURISM,390.41,393.55,390.4,392.48,0.0
2025-11-25 16:00:00,SET:TOURISM,392.49,394.36,391.66,391.82,0.0
2025-11-26 09:00:00,SET:TOURISM,393.05,394.27,393.05,394.27,0.0
2025-11-26 10:00:00,SET:TOURISM,394.26,394.68,388.85,388.9,0.0
2025-11-26 11:00:00,SET:TOURISM,388.91,391.66,388.84,391.36,0.0
2025-11-26 12:00:00,SET:TOURISM,392.42,392.61,391.36,391.36,0.0
2025-11-26 13:00:00,SET:TOURISM,391.53,391.69,391.53,391.69,0.0
2025-11-26 14:00:00,SET:TOURISM,391.62,395.96,391.57,394.22,0.0
2025-11-26 15:00:00,SET:TOURISM,394.86,394.86,391.3,391.79,0.0
2025-11-26 16:00:00,SET:TOURISM,391.98,392.64,389.45,391.92,0.0
2025-11-27 09:00:00,SET:TOURISM,393.51,393.52,391.39,391.39,0.0
2025-11-27 10:00:00,SET:TOURISM,392.04,396.67,392.04,394.72,0.0
2025-11-27 11:00:00,SET:TOURISM,395.78,399.81,394.56,396.2,0.0
2025-11-27 12:00:00,SET:TOURISM,397.26,398.96,396.2,397.89,0.0
2025-11-27 13:00:00,SET:TOURISM,399.15,399.15,399.15,399.15,0.0
2025-11-27 14:00:00,SET:TOURISM,397.9,398.97,397.1,397.89,0.0
2025-11-27 15:00:00,SET:TOURISM,398.96,398.96,395.43,396.02,0.0
2025-11-27 16:00:00,SET:TOURISM,396.04,397.74,392.93,393.56,0.0
2025-11-28 09:00:00,SET:TOURISM,395.21,398.42,395.21,397.33,0.0
2025-11-28 10:00:00,SET:TOURISM,397.34,404.06,397.04,400.56,0.0
2025-11-28 11:00:00,SET:TOURISM,399.49,400.48,395.69,397.66,0.0
2025-11-28 12:00:00,SET:TOURISM,398.72,398.89,395.96,397.74,0.0
2025-11-28 13:00:00,SET:TOURISM,398.8,399.7,398.8,399.7,0.0
2025-11-28 14:00:00,SET:TOURISM,398.64,401.47,396.51,399.4,0.0
2025-11-28 15:00:00,SET:TOURISM,398.34,399.4,396.25,397.02,0.0
2025-11-28 16:00:00,SET:TOURISM,398.08,400.42,396.73,400.42,0.0
2025-12-01 09:00:00,SET:TOURISM,404.37,404.37,402.97,403.76,0.0
2025-12-01 10:00:00,SET:TOURISM,403.61,409.51,402.37,407.81,0.0
2025-12-01 11:00:00,SET:TOURISM,406.75,408.91,405.52,405.8,0.0
2025-12-01 12:00:00,SET:TOURISM,405.79,408.91,405.79,407.25,0.0
2025-12-01 13:00:00,SET:TOURISM,407.11,407.11,406.92,406.92,0.0
2025-12-01 14:00:00,SET:TOURISM,406.99,410.33,406.93,410.12,0.0
2025-12-01 15:00:00,SET:TOURISM,409.06,412.18,407.66,412.18,0.0
2025-12-01 16:00:00,SET:TOURISM,411.12,413.82,411.05,413.01,0.0
2025-12-02 09:00:00,SET:TOURISM,415.4,415.4,411.73,412.81,0.0
2025-12-02 10:00:00,SET:TOURISM,412.56,414.56,410.07,410.08,0.0
2025-12-02 11:00:00,SET:TOURISM,409.98,414.38,409.98,412.14,0.0
2025-12-02 12:00:00,SET:TOURISM,412.77,412.77,410.36,411.23,0.0
2025-12-02 13:00:00,SET:TOURISM,412.92,412.92,412.29,412.31,0.0
2025-12-02 14:00:00,SET:TOURISM,412.25,413.33,409.81,411.37,0.0
2025-12-02 15:00:00,SET:TOURISM,410.74,412.38,408.91,411.75,0.0
2025-12-02 16:00:00,SET:TOURISM,412.38,415.21,411.75,412.94,0.0
2025-12-03 09:00:00,SET:TOURISM,413.21,413.21,408.96,411.08,0.0
2025-12-03 10:00:00,SET:TOURISM,411.24,413.62,410.72,410.86,0.0
2025-12-03 11:00:00,SET:TOURISM,411.92,414.69,410.86,412.97,0.0
2025-12-03 12:00:00,SET:TOURISM,411.91,414.66,411.91,412.95,0.0
2025-12-03 13:00:00,SET:TOURISM,412.85,412.95,412.85,412.95,0.0
2025-12-03 14:00:00,SET:TOURISM,413.16,414.48,412.91,412.98,0.0
2025-12-03 15:00:00,SET:TOURISM,414.2,414.2,410.33,411.28,0.0
2025-12-03 16:00:00,SET:TOURISM,410.22,413.89,410.21,413.89,0.0
2025-12-04 09:00:00,SET:TOURISM,413.19,414.0,411.88,411.88,0.0
2025-12-04 10:00:00,SET:TOURISM,411.87,412.59,406.64,408.68,0.0
2025-12-04 11:00:00,SET:TOURISM,409.74,410.44,407.39,410.06,0.0
2025-12-04 12:00:00,SET:TOURISM,409.0,411.33,408.37,410.33,0.0
2025-12-04 13:00:00,SET:TOURISM,409.58,409.58,409.58,409.58,0.0
2025-12-04 14:00:00,SET:TOURISM,410.64,411.67,408.57,408.57,0.0
2025-12-04 15:00:00,SET:TOURISM,409.63,409.91,407.87,407.97,0.0
2025-12-04 16:00:00,SET:TOURISM,408.6,409.73,407.48,409.64,0.0
2025-12-08 09:00:00,SET:TOURISM,410.81,413.38,410.62,413.38,0.0
2025-12-08 10:00:00,SET:TOURISM,413.56,423.39,413.56,420.02,0.0
2025-12-08 11:00:00,SET:TOURISM,420.17,421.28,418.51,419.69,0.0
2025-12-08 12:00:00,SET:TOURISM,419.62,422.83,418.56,421.26,0.0
2025-12-08 13:00:00,SET:TOURISM,420.61,420.79,420.61,420.79,0.0
2025-12-08 14:00:00,SET:TOURISM,420.61,422.65,418.17,421.37,0.0
2025-12-08 15:00:00,SET:TOURISM,421.56,421.58,418.4,420.72,0.0
2025-12-08 16:00:00,SET:TOURISM,419.47,421.69,419.47,420.53,0.0
2025-12-09 09:00:00,SET:TOURISM,421.15,422.11,420.09,422.11,0.0
2025-12-09 10:00:00,SET:TOURISM,420.41,421.74,415.68,415.68,0.0
2025-12-09 11:00:00,SET:TOURISM,415.62,420.21,415.62,417.9,0.0
2025-12-09 12:00:00,SET:TOURISM,418.97,418.97,416.66,417.86,0.0
2025-12-09 13:00:00,SET:TOURISM,417.62,417.62,417.62,417.62,0.0
2025-12-09 14:00:00,SET:TOURISM,416.56,417.85,415.72,416.79,0.0
2025-12-09 15:00:00,SET:TOURISM,416.16,419.46,416.16,416.9,0.0
2025-12-09 16:00:00,SET:TOURISM,416.91,418.35,416.31,416.34,0.0
2025-12-11 09:00:00,SET:TOURISM,422.85,422.85,422.85,422.85,0.0
2025-12-11 10:00:00,SET:TOURISM,421.79,422.66,416.22,418.83,0.0
2025-12-11 11:00:00,SET:TOURISM,417.76,419.58,417.14,418.26,0.0
2025-12-11 12:00:00,SET:TOURISM,419.32,419.34,416.32,418.21,0.0
2025-12-11 13:00:00,SET:TOURISM,418.31,418.31,417.25,418.31,0.0
2025-12-11 14:00:00,SET:TOURISM,417.09,418.36,415.43,415.43,0.0
2025-12-11 15:00:00,SET:TOURISM,416.49,416.5,413.05,414.09,0.0
2025-12-11 16:00:00,SET:TOURISM,414.73,415.58,412.73,415.58,0.0
2025-12-12 09:00:00,SET:TOURISM,418.83,424.1,418.83,424.1,0.0
2025-12-12 10:00:00,SET:TOURISM,422.97,424.77,418.94,418.94,0.0
2025-12-12 11:00:00,SET:TOURISM,418.95,424.03,418.94,420.35,0.0
2025-12-12 12:00:00,SET:TOURISM,420.53,422.22,420.35,421.14,0.0
2025-12-12 13:00:00,SET:TOURISM,422.36,422.36,422.17,422.36,0.0
2025-12-12 14:00:00,SET:TOURISM,421.72,422.51,420.48,421.23,0.0
2025-12-12 15:00:00,SET:TOURISM,421.24,423.38,419.56,421.26,0.0
2025-12-12 16:00:00,SET:TOURISM,420.2,422.44,420.2,421.72,0.0
2025-12-15 09:00:00,SET:TOURISM,418.49,418.49,418.49,418.49,0.0
2025-12-15 10:00:00,SET:TOURISM,419.55,420.53,417.42,420.07,0.0
2025-12-15 11:00:00,SET:TOURISM,419.0,420.59,419.0,420.58,0.0
2025-12-15 12:00:00,SET:TOURISM,420.52,421.03,418.71,418.71,0.0
2025-12-15 13:00:00,SET:TOURISM,420.2,421.26,420.2,420.2,0.0
2025-12-15 14:00:00,SET:TOURISM,419.57,421.11,419.07,420.05,0.0
2025-12-15 15:00:00,SET:TOURISM,419.42,422.86,418.34,422.04,0.0
2025-12-15 16:00:00,SET:TOURISM,422.67,424.6,420.98,424.6,0.0
2025-12-16 09:00:00,SET:TOURISM,426.47,426.54,425.2,425.9,0.0
2025-12-16 10:00:00,SET:TOURISM,426.09,427.16,423.58,425.46,0.0
2025-12-16 11:00:00,SET:TOURISM,426.09,429.09,425.41,427.41,0.0
2025-12-16 12:00:00,SET:TOURISM,426.77,428.47,426.34,426.34,0.0
2025-12-16 13:00:00,SET:TOURISM,427.4,427.4,427.4,427.4,0.0
2025-12-16 14:00:00,SET:TOURISM,427.35,429.93,426.79,429.78,0.0
2025-12-16 15:00:00,SET:TOURISM,428.08,430.68,426.68,427.89,0.0
2025-12-16 16:00:00,SET:TOURISM,427.9,429.71,427.07,427.74,0.0
2025-12-17 09:00:00,SET:TOURISM,426.75,427.81,425.68,427.81,0.0
2025-12-17 10:00:00,SET:TOURISM,428.0,431.39,426.38,430.98,0.0
2025-12-17 11:00:00,SET:TOURISM,431.02,431.5,429.62,431.11,0.0
2025-12-17 12:00:00,SET:TOURISM,430.48,432.11,430.3,431.05,0.0
2025-12-17 13:00:00,SET:TOURISM,430.11,430.11,430.11,430.11,0.0
2025-12-17 14:00:00,SET:TOURISM,429.48,432.29,429.38,431.2,0.0
2025-12-17 15:00:00,SET:TOURISM,430.14,431.39,429.02,430.67,0.0
2025-12-17 16:00:00,SET:TOURISM,430.04,430.04,427.1,428.75,0.0
2025-12-18 09:00:00,SET:TOURISM,428.57,429.25,428.57,429.25,0.0
2025-12-18 10:00:00,SET:TOURISM,430.47,431.66,427.36,429.05,0.0
2025-12-18 11:00:00,SET:TOURISM,428.42,429.05,424.49,425.59,0.0
2025-12-18 12:00:00,SET:TOURISM,426.22,426.24,425.16,426.22,0.0
2025-12-18 13:00:00,SET:TOURISM,425.0,425.0,425.0,425.0,0.0
2025-12-18 14:00:00,SET:TOURISM,425.48,425.48,422.24,423.44,0.0
2025-12-18 15:00:00,SET:TOURISM,422.37,424.23,420.95,422.76,0.0
2025-12-18 16:00:00,SET:TOURISM,423.82,424.96,423.15,424.18,0.0
2025-12-19 09:00:00,SET:TOURISM,427.41,427.41,427.34,427.34,0.0
2025-12-19 10:00:00,SET:TOURISM,428.02,429.64,425.24,428.13,0.0
2025-12-19 11:00:00,SET:TOURISM,428.12,430.68,427.74,430.52,0.0
2025-12-19 12:00:00,SET:TOURISM,430.34,431.01,429.28,430.11,0.0
2025-12-19 14:00:00,SET:TOURISM,429.04,430.19,428.31,428.54,0.0
2025-12-19 15:00:00,SET:TOURISM,430.24,430.24,427.42,429.47,0.0
2025-12-19 16:00:00,SET:TOURISM,430.1,430.38,428.17,428.17,0.0
2025-12-22 09:00:00,SET:TOURISM,431.45,431.45,431.45,431.45,0.0
2025-12-22 10:00:00,SET:TOURISM,434.21,435.35,430.36,433.16,0.0
2025-12-22 11:00:00,SET:TOURISM,433.79,433.92,431.21,431.77,0.0
2025-12-22 12:00:00,SET:TOURISM,432.41,433.81,431.93,432.99,0.0
2025-12-22 13:00:00,SET:TOURISM,433.51,433.67,432.88,433.04,0.0
2025-12-22 14:00:00,SET:TOURISM,431.97,433.08,430.75,431.75,0.0
2025-12-22 15:00:00,SET:TOURISM,431.93,431.93,429.06,430.75,0.0
2025-12-22 16:00:00,SET:TOURISM,429.68,432.81,429.12,432.81,0.0
2025-12-23 09:00:00,SET:TOURISM,432.0,433.6,432.0,432.9,0.0
2025-12-23 10:00:00,SET:TOURISM,431.89,434.19,431.12,431.71,0.0
2025-12-23 11:00:00,SET:TOURISM,432.34,434.59,431.53,432.82,0.0
2025-12-23 12:00:00,SET:TOURISM,433.27,433.53,430.54,431.17,0.0
2025-12-23 13:00:00,SET:TOURISM,432.25,432.25,431.62,431.62,0.0
2025-12-23 14:00:00,SET:TOURISM,432.25,432.52,430.22,431.46,0.0
2025-12-23 15:00:00,SET:TOURISM,431.65,433.34,431.43,432.2,0.0
2025-12-23 16:00:00,SET:TOURISM,433.26,434.62,431.57,433.38,0.0
2025-12-24 09:00:00,SET:TOURISM,434.62,434.62,433.56,434.46,0.0
2025-12-24 10:00:00,SET:TOURISM,433.4,438.38,433.4,437.78,0.0
2025-12-24 11:00:00,SET:TOURISM,436.71,438.23,435.81,436.87,0.0
2025-12-24 12:00:00,SET:TOURISM,435.81,437.52,435.81,437.52,0.0
2025-12-24 13:00:00,SET:TOURISM,438.57,438.57,438.57,438.57,0.0
2025-12-24 14:00:00,SET:TOURISM,437.5,441.21,436.9,439.96,0.0
2025-12-24 15:00:00,SET:TOURISM,439.33,441.23,439.33,441.04,0.0
2025-12-24 16:00:00,SET:TOURISM,440.41,441.38,438.27,438.67,0.0
2025-12-25 09:00:00,SET:TOURISM,438.97,439.6,438.47,438.47,0.0
2025-12-25 10:00:00,SET:TOURISM,438.29,438.71,436.08,436.75,0.0
2025-12-25 11:00:00,SET:TOURISM,436.11,436.18,433.86,434.97,0.0
2025-12-25 12:00:00,SET:TOURISM,435.1,436.79,434.92,435.66,0.0
2025-12-25 13:00:00,SET:TOURISM,434.53,434.53,434.53,434.53,0.0
2025-12-25 14:00:00,SET:TOURISM,435.59,436.46,434.28,434.28,0.0
2025-12-25 15:00:00,SET:TOURISM,435.34,437.03,434.28,435.16,0.0
2025-12-25 16:00:00,SET:TOURISM,435.8,437.31,435.16,437.03,0.0
2025-12-26 09:00:00,SET:TOURISM,436.41,436.41,435.98,435.98,0.0
2025-12-26 10:00:00,SET:TOURISM,435.34,438.21,435.18,436.9,0.0
2025-12-26 11:00:00,SET:TOURISM,436.27,437.33,434.32,435.18,0.0
2025-12-26 12:00:00,SET:TOURISM,435.21,437.27,435.18,436.64,0.0
2025-12-26 13:00:00,SET:TOURISM,437.1,437.12,436.94,436.94,0.0
2025-12-26 14:00:00,SET:TOURISM,437.12,437.35,435.01,435.22,0.0
2025-12-26 15:00:00,SET:TOURISM,435.04,437.0,434.99,435.85,0.0
2025-12-26 16:00:00,SET:TOURISM,436.91,437.21,435.12,436.95,0.0
2025-12-29 09:00:00,SET:TOURISM,436.04,438.48,436.04,438.48,0.0
2025-12-29 10:00:00,SET:TOURISM,438.41,439.44,436.28,438.25,0.0
2025-12-29 11:00:00,SET:TOURISM,438.18,439.44,436.95,439.44,0.0
2025-12-29 12:00:00,SET:TOURISM,438.31,439.47,437.64,439.47,0.0
2025-12-29 13:00:00,SET:TOURISM,438.54,438.54,438.54,438.54,0.0
2025-12-29 14:00:00,SET:TOURISM,438.37,438.54,434.2,436.53,0.0
2025-12-29 15:00:00,SET:TOURISM,436.96,437.59,435.6,435.6,0.0
2025-12-29 16:00:00,SET:TOURISM,436.67,437.43,435.48,436.33,0.0
2025-12-30 09:00:00,SET:TOURISM,435.92,436.03,435.19,435.19,0.0
2025-12-30 10:00:00,SET:TOURISM,434.81,437.38,433.91,434.49,0.0
2025-12-30 11:00:00,SET:TOURISM,435.55,435.55,432.72,434.84,0.0
2025-12-30 12:00:00,SET:TOURISM,433.71,434.85,433.51,434.6,0.0
2025-12-30 13:00:00,SET:TOURISM,435.48,435.48,435.48,435.48,0.0
2025-12-30 14:00:00,SET:TOURISM,435.66,436.69,433.81,434.67,0.0
2025-12-30 15:00:00,SET:TOURISM,435.73,438.96,434.97,437.76,0.0
2025-12-30 16:00:00,SET:TOURISM,439.08,439.37,437.11,439.37,0.0
2026-01-05 09:00:00,SET:TOURISM,442.24,442.49,442.24,442.49,0.0
2026-01-05 10:00:00,SET:TOURISM,442.54,443.79,439.3,441.88,0.0
2026-01-05 11:00:00,SET:TOURISM,442.94,443.57,438.96,440.14,0.0
2026-01-05 12:00:00,SET:TOURISM,439.71,442.09,439.71,440.23,0.0
2026-01-05 13:00:00,SET:TOURISM,441.27,441.27,440.2,440.2,0.0
2026-01-05 14:00:00,SET:TOURISM,441.22,441.22,438.76,440.62,0.0
2026-01-05 15:00:00,SET:TOURISM,439.55,440.41,437.66,440.22,0.0
2026-01-05 16:00:00,SET:TOURISM,439.59,440.26,438.28,439.44,0.0
2026-01-06 09:00:00,SET:TOURISM,439.65,439.65,438.47,438.47,0.0
2026-01-06 10:00:00,SET:TOURISM,438.63,440.08,432.05,434.1,0.0
2026-01-06 11:00:00,SET:TOURISM,434.17,435.84,432.62,433.68,0.0
2026-01-06 12:00:00,SET:TOURISM,432.62,434.03,432.31,433.0,0.0
2026-01-06 13:00:00,SET:TOURISM,432.3,432.3,432.3,432.3,0.0
2026-01-06 14:00:00,SET:TOURISM,433.36,434.8,431.78,433.59,0.0
2026-01-06 15:00:00,SET:TOURISM,432.52,433.65,429.96,431.03,0.0
2026-01-06 16:00:00,SET:TOURISM,431.48,433.43,430.03,433.43,0.0
2026-01-07 09:00:00,SET:TOURISM,431.86,433.76,431.86,433.76,0.0
2026-01-07 10:00:00,SET:TOURISM,433.73,433.95,429.53,432.0,0.0
2026-01-07 11:00:00,SET:TOURISM,432.7,432.7,428.49,429.73,0.0
2026-01-07 12:00:00,SET:TOURISM,428.67,429.82,427.51,428.58,0.0
2026-01-07 13:00:00,SET:TOURISM,427.35,427.35,427.35,427.35,0.0
2026-01-07 14:00:00,SET:TOURISM,427.36,432.36,427.18,430.17,0.0
2026-01-07 15:00:00,SET:TOURISM,430.16,433.24,429.26,432.61,0.0
2026-01-07 16:00:00,SET:TOURISM,431.55,434.15,431.38,433.08,0.0
2026-01-08 09:00:00,SET:TOURISM,428.61,430.74,428.61,428.63,0.0
2026-01-08 10:00:00,SET:TOURISM,428.47,431.94,427.65,431.7,0.0
2026-01-08 11:00:00,SET:TOURISM,431.73,432.17,428.23,430.1,0.0
2026-01-08 12:00:00,SET:TOURISM,430.21,431.48,429.13,430.2,0.0
2026-01-08 14:00:00,SET:TOURISM,430.01,430.43,428.68,430.09,0.0
2026-01-08 15:00:00,SET:TOURISM,429.03,430.18,428.71,429.01,0.0
2026-01-08 16:00:00,SET:TOURISM,428.97,429.8,427.53,429.8,0.0
2026-01-09 09:00:00,SET:TOURISM,430.46,431.8,430.46,431.8,0.0
2026-01-09 10:00:00,SET:TOURISM,430.74,432.36,429.23,431.76,0.0
2026-01-09 11:00:00,SET:TOURISM,431.82,431.82,429.35,430.6,0.0
2026-01-09 12:00:00,SET:TOURISM,431.66,431.86,429.85,431.81,0.0
2026-01-09 13:00:00,SET:TOURISM,431.63,431.63,431.63,431.63,0.0
2026-01-09 14:00:00,SET:TOURISM,431.47,432.69,429.66,430.19,0.0
2026-01-09 15:00:00,SET:TOURISM,430.64,432.1,430.02,431.65,0.0
2026-01-09 16:00:00,SET:TOURISM,431.83,431.94,429.99,431.77,0.0
2026-01-12 09:00:00,SET:TOURISM,432.44,432.44,431.71,432.35,0.0
2026-01-12 10:00:00,SET:TOURISM,431.72,431.94,424.51,424.74,0.0
2026-01-12 11:00:00,SET:TOURISM,425.81,427.88,422.8,426.77,0.0
2026-01-12 12:00:00,SET:TOURISM,427.83,430.82,427.24,428.18,0.0
2026-01-12 13:00:00,SET:TOURISM,428.36,428.36,428.36,428.36,0.0
2026-01-12 14:00:00,SET:TOURISM,427.3,428.4,425.46,427.72,0.0
2026-01-12 15:00:00,SET:TOURISM,428.35,428.42,426.34,426.34,0.0
2026-01-12 16:00:00,SET:TOURISM,426.27,427.97,422.34,422.99,0.0
2026-01-13 09:00:00,SET:TOURISM,425.03,426.27,425.03,426.25,0.0
2026-01-13 10:00:00,SET:TOURISM,425.37,427.73,423.56,427.73,0.0
2026-01-13 11:00:00,SET:TOURISM,427.1,428.82,424.23,428.08,0.0
2026-01-13 12:00:00,SET:TOURISM,427.45,427.61,425.1,426.32,0.0
2026-01-13 13:00:00,SET:TOURISM,425.89,425.89,425.82,425.82,0.0
2026-01-13 14:00:00,SET:TOURISM,425.37,426.4,424.13,425.77,0.0
2026-01-13 15:00:00,SET:TOURISM,424.71,425.77,422.08,423.69,0.0
2026-01-13 16:00:00,SET:TOURISM,423.58,424.65,421.29,424.5,0.0
2026-01-14 09:00:00,SET:TOURISM,423.8,423.96,422.74,423.96,0.0
2026-01-14 10:00:00,SET:TOURISM,422.9,422.9,416.66,416.66,0.0
2026-01-14 11:00:00,SET:TOURISM,417.72,418.85,412.97,414.03,0.0
2026-01-14 12:00:00,SET:TOURISM,413.67,414.93,412.12,412.12,0.0
2026-01-14 13:00:00,SET:TOURISM,411.82,411.82,411.82,411.82,0.0
2026-01-14 14:00:00,SET:TOURISM,411.76,414.06,411.73,413.72,0.0
2026-01-14 15:00:00,SET:TOURISM,412.66,414.83,412.0,412.63,0.0
2026-01-14 16:00:00,SET:TOURISM,412.0,414.78,411.21,411.93,0.0
2026-01-15 09:00:00,SET:TOURISM,413.22,413.22,411.82,411.82,0.0
2026-01-15 10:00:00,SET:TOURISM,412.88,415.19,410.45,412.3,0.0
2026-01-15 11:00:00,SET:TOURISM,412.12,414.29,411.21,413.68,0.0
2026-01-15 12:00:00,SET:TOURISM,414.31,414.31,411.21,411.51,0.0
2026-01-15 13:00:00,SET:TOURISM,411.49,412.12,411.49,412.07,0.0
2026-01-15 14:00:00,SET:TOURISM,410.31,413.32,408.57,412.3,0.0
2026-01-15 15:00:00,SET:TOURISM,411.67,414.59,410.43,412.52,0.0
2026-01-15 16:00:00,SET:TOURISM,413.58,413.77,409.63,413.46,0.0
2026-01-16 09:00:00,SET:TOURISM,415.37,415.37,412.55,413.61,0.0
2026-01-16 10:00:00,SET:TOURISM,413.54,413.54,405.9,407.1,0.0
2026-01-16 11:00:00,SET:TOURISM,406.03,407.64,404.97,407.46,0.0
2026-01-16 12:00:00,SET:TOURISM,406.83,406.83,404.05,406.06,0.0
2026-01-16 13:00:00,SET:TOURISM,404.52,404.52,404.34,404.34,0.0
2026-01-16 14:00:00,SET:TOURISM,404.97,408.64,404.34,407.73,0.0
2026-01-16 15:00:00,SET:TOURISM,407.79,411.95,405.94,411.95,0.0
2026-01-16 16:00:00,SET:TOURISM,411.94,413.77,410.7,413.77,0.0
2026-01-19 09:00:00,SET:TOURISM,412.17,412.19,412.13,412.14,0.0
2026-01-19 10:00:00,SET:TOURISM,413.2,415.42,411.03,412.19,0.0
2026-01-19 11:00:00,SET:TOURISM,411.13,416.56,411.13,415.9,0.0
2026-01-19 12:00:00,SET:TOURISM,414.84,415.9,413.71,414.82,0.0
2026-01-19 13:00:00,SET:TOURISM,415.55,415.55,415.55,415.55,0.0
2026-01-19 14:00:00,SET:TOURISM,415.36,416.32,414.35,416.17,0.0
2026-01-19 15:00:00,SET:TOURISM,415.1,417.66,415.04,417.53,0.0
2026-01-19 16:00:00,SET:TOURISM,417.57,417.57,414.69,416.75,0.0
2026-01-20 09:00:00,SET:TOURISM,418.88,419.94,417.82,418.88,0.0
2026-01-20 10:00:00,SET:TOURISM,417.82,424.66,417.37,422.82,0.0
2026-01-20 11:00:00,SET:TOURISM,423.45,428.1,423.38,427.79,0.0
2026-01-20 12:00:00,SET:TOURISM,428.85,429.41,427.35,428.5,0.0
2026-01-20 13:00:00,SET:TOURISM,427.99,427.99,427.99,427.99,0.0
2026-01-20 14:00:00,SET:TOURISM,428.04,429.1,424.3,426.44,0.0
2026-01-20 15:00:00,SET:TOURISM,427.07,427.07,422.16,424.02,0.0
2026-01-20 16:00:00,SET:TOURISM,422.95,424.08,422.1,422.83,0.0
2026-01-21 09:00:00,SET:TOURISM,427.38,427.87,426.38,427.49,0.0
2026-01-21 10:00:00,SET:TOURISM,428.12,430.61,424.69,426.47,0.0
2026-01-21 11:00:00,SET:TOURISM,426.29,428.53,425.87,427.29,0.0
2026-01-21 12:00:00,SET:TOURISM,427.92,428.2,426.26,426.28,0.0
2026-01-21 13:00:00,SET:TOURISM,428.15,428.15,428.15,428.15,0.0
2026-01-21 14:00:00,SET:TOURISM,427.97,432.14,426.91,430.96,0.0
2026-01-21 15:00:00,SET:TOURISM,430.87,431.97,429.16,430.02,0.0
2026-01-21 16:00:00,SET:TOURISM,430.52,430.8,428.62,429.27,0.0
2026-01-22 09:00:00,SET:TOURISM,428.45,429.49,427.32,429.48,0.0
2026-01-22 10:00:00,SET:TOURISM,429.55,436.03,428.27,432.83,0.0
2026-01-22 11:00:00,SET:TOURISM,434.53,435.86,432.83,434.94,0.0
2026-01-22 12:00:00,SET:TOURISM,435.58,435.58,433.4,434.49,0.0
2026-01-22 13:00:00,SET:TOURISM,433.25,433.25,433.25,433.25,0.0
2026-01-22 14:00:00,SET:TOURISM,432.18,433.25,427.82,428.07,0.0
2026-01-22 15:00:00,SET:TOURISM,428.5,431.04,427.44,428.85,0.0
2026-01-22 16:00:00,SET:TOURISM,429.91,431.62,428.21,431.62,0.0
2026-01-23 09:00:00,SET:TOURISM,429.6,429.85,429.6,429.85,0.0
2026-01-23 10:00:00,SET:TOURISM,430.01,435.28,430.01,431.23,0.0
2026-01-23 11:00:00,SET:TOURISM,432.11,432.74,427.97,431.03,0.0
2026-01-23 12:00:00,SET:TOURISM,430.98,431.17,429.16,431.15,0.0
2026-01-23 13:00:00,SET:TOURISM,430.04,430.04,428.97,429.04,0.0
2026-01-23 14:00:00,SET:TOURISM,428.87,428.87,425.6,425.61,0.0
2026-01-23 15:00:00,SET:TOURISM,425.45,427.13,423.11,424.22,0.0
2026-01-23 16:00:00,SET:TOURISM,424.24,426.12,422.46,423.43,0.0
2026-01-26 09:00:00,SET:TOURISM,421.73,422.3,421.67,422.25,0.0
2026-01-26 10:00:00,SET:TOURISM,422.29,423.73,419.12,421.1,0.0
2026-01-26 11:00:00,SET:TOURISM,420.47,422.59,419.28,420.88,0.0
2026-01-26 12:00:00,SET:TOURISM,420.72,421.78,418.77,419.83,0.0
2026-01-26 13:00:00,SET:TOURISM,419.87,419.87,419.87,419.87,0.0
2026-01-26 14:00:00,SET:TOURISM,420.5,421.91,418.39,420.22,0.0
2026-01-26 15:00:00,SET:TOURISM,421.28,421.76,419.63,420.72,0.0
2026-01-26 16:00:00,SET:TOURISM,420.84,423.66,419.59,423.66,0.0
2026-01-27 09:00:00,SET:TOURISM,424.04,425.58,423.4,425.58,0.0
2026-01-27 10:00:00,SET:TOURISM,425.4,436.19,425.4,433.53,0.0
2026-01-27 11:00:00,SET:TOURISM,433.48,435.33,431.89,432.75,0.0
2026-01-27 12:00:00,SET:TOURISM,432.68,434.68,432.05,433.43,0.0
2026-01-27 13:00:00,SET:TOURISM,433.39,433.57,433.39,433.39,0.0
2026-01-27 14:00:00,SET:TOURISM,434.45,437.48,432.75,436.66,0.0
2026-01-27 15:00:00,SET:TOURISM,435.72,437.23,433.23,434.94,0.0
2026-01-27 16:00:00,SET:TOURISM,435.12,435.6,432.46,433.0,0.0
2026-01-28 09:00:00,SET:TOURISM,435.47,438.14,435.47,438.14,0.0
2026-01-28 10:00:00,SET:TOURISM,437.96,439.32,434.79,436.4,0.0
2026-01-28 11:00:00,SET:TOURISM,437.46,438.72,436.13,437.82,0.0
2026-01-28 12:00:00,SET:TOURISM,437.0,438.88,436.36,437.36,0.0
2026-01-28 13:00:00,SET:TOURISM,438.15,438.15,437.09,437.15,0.0
2026-01-28 14:00:00,SET:TOURISM,438.22,438.85,434.76,434.94,0.0
2026-01-28 15:00:00,SET:TOURISM,435.37,436.27,433.95,435.94,0.0
2026-01-28 16:00:00,SET:TOURISM,435.31,436.95,434.37,436.95,0.0
2026-01-29 09:00:00,SET:TOURISM,434.29,434.9,433.84,434.0,0.0
2026-01-29 10:00:00,SET:TOURISM,432.94,432.94,428.45,428.59,0.0
2026-01-29 11:00:00,SET:TOURISM,429.66,430.47,427.26,429.66,0.0
2026-01-29 12:00:00,SET:TOURISM,429.03,430.9,429.03,429.84,0.0
2026-01-29 13:00:00,SET:TOURISM,429.59,430.72,429.59,429.66,0.0
2026-01-29 14:00:00,SET:TOURISM,430.72,430.9,427.87,429.14,0.0
2026-01-29 15:00:00,SET:TOURISM,428.08,429.93,428.03,428.03,0.0
2026-01-29 16:00:00,SET:TOURISM,428.1,430.0,427.6,427.6,0.0
2026-01-30 09:00:00,SET:TOURISM,427.06,428.13,427.06,428.13,0.0
2026-01-30 10:00:00,SET:TOURISM,428.38,431.82,426.66,427.72,0.0
2026-01-30 11:00:00,SET:TOURISM,427.53,427.87,423.76,426.02,0.0
2026-01-30 12:00:00,SET:TOURISM,425.84,426.72,424.96,425.03,0.0
2026-01-30 13:00:00,SET:TOURISM,425.91,425.91,425.91,425.91,0.0
2026-01-30 14:00:00,SET:TOURISM,425.75,426.73,423.04,424.26,0.0
2026-01-30 15:00:00,SET:TOURISM,423.2,427.36,423.2,427.36,0.0
2026-01-30 16:00:00,SET:TOURISM,427.17,429.28,426.29,428.05,0.0
2026-02-02 09:00:00,SET:TOURISM,431.31,431.31,430.24,430.88,0.0
2026-02-02 10:00:00,SET:TOURISM,433.63,436.78,431.76,433.25,0.0
2026-02-02 11:00:00,SET:TOURISM,435.01,435.01,431.92,433.79,0.0
2026-02-02 12:00:00,SET:TOURISM,432.73,433.96,431.15,432.22,0.0
2026-02-02 13:00:00,SET:TOURISM,431.98,432.06,431.0,431.03,0.0
2026-02-02 14:00:00,SET:TOURISM,432.09,437.07,431.27,435.78,0.0
2026-02-02 15:00:00,SET:TOURISM,436.85,439.12,435.06,437.68,0.0
2026-02-02 16:00:00,SET:TOURISM,438.56,439.99,435.71,439.99,0.0
2026-02-03 09:00:00,SET:TOURISM,440.97,444.39,440.97,444.39,0.0
2026-02-03 10:00:00,SET:TOURISM,443.96,453.86,443.69,452.46,0.0
2026-02-03 11:00:00,SET:TOURISM,452.89,456.6,452.89,454.28,0.0
2026-02-03 12:00:00,SET:TOURISM,454.3,454.94,453.01,453.94,0.0
2026-02-03 14:00:00,SET:TOURISM,453.64,459.51,453.64,457.49,0.0
2026-02-03 15:00:00,SET:TOURISM,456.86,459.98,454.14,459.23,0.0
2026-02-03 16:00:00,SET:TOURISM,456.57,460.11,454.91,454.91,0.0
2026-02-04 09:00:00,SET:TOURISM,455.9,459.22,455.9,456.38,0.0
2026-02-04 10:00:00,SET:TOURISM,459.49,460.46,456.38,457.75,0.0
2026-02-04 11:00:00,SET:TOURISM,457.71,460.53,456.09,456.09,0.0
2026-02-04 12:00:00,SET:TOURISM,459.38,459.45,456.16,459.29,0.0
2026-02-04 13:00:00,SET:TOURISM,458.6,458.6,455.9,458.55,0.0
2026-02-04 14:00:00,SET:TOURISM,458.73,459.37,455.98,456.4,0.0
2026-02-04 15:00:00,SET:TOURISM,459.06,460.06,455.66,457.25,0.0
2026-02-04 16:00:00,SET:TOURISM,459.27,460.53,456.22,458.79,0.0
2026-02-05 09:00:00,SET:TOURISM,459.15,459.22,459.11,459.16,0.0
2026-02-05 10:00:00,SET:TOURISM,461.88,462.53,453.8,456.01,0.0
2026-02-05 11:00:00,SET:TOURISM,453.35,456.71,452.34,455.2,0.0
2026-02-05 12:00:00,SET:TOURISM,452.54,456.28,452.36,452.85,0.0
2026-02-05 13:00:00,SET:TOURISM,455.5,456.13,453.47,453.47,0.0
2026-02-05 14:00:00,SET:TOURISM,454.11,457.36,453.43,453.81,0.0
2026-02-05 15:00:00,SET:TOURISM,453.18,457.39,453.14,455.86,0.0
2026-02-05 16:00:00,SET:TOURISM,456.05,457.52,453.14,457.52,0.0
2026-02-06 09:00:00,SET:TOURISM,453.78,457.39,453.78,457.39,0.0
2026-02-06 10:00:00,SET:TOURISM,457.38,463.01,457.2,459.71,0.0
2026-02-06 11:00:00,SET:TOURISM,462.62,465.85,458.68,458.68,0.0
2026-02-06 12:00:00,SET:TOURISM,461.33,461.33,457.81,461.28,0.0
